Row Name,NPC,Dialogue Trigger,Person Talking,Main Dialogue Lines,Give Weapon?,Main Dialogue Audio,Secondary Dialogue,Secondary Dialogue Audio,Encounter Index
1,,/Script/Engine.BlueprintGeneratedClass'/Game/Users/Stanley/BP_DialogueTrigger.BP_DialogueTrigger_C',"(""Aero"")","(""*groan* My head... I need to get out of here and see if everyone's okay."")",FALSE,"(""/Script/Engine.SoundWave'/Game/Users/Stanley/DialogueAudio/Canyon/CanyonStart/CanyonStart_1.CanyonStart_1'"")",,,0
2,,/Script/Engine.BlueprintGeneratedClass'/Game/Users/Stanley/BP_DialogueTrigger.BP_DialogueTrigger_C',"(""Aero"",""Aero"")","(""Woah! This place looks totally sick... wait, is that… SMOKE!? *gasp* THE VAN!! I need to hurry!"")",FALSE,"(""/Script/Engine.SoundWave'/Game/Users/Stanley/DialogueAudio/Canyon/CanyonReveal/CanyonReveal_1.CanyonReveal_1'"")",,,1
3,,/Script/Engine.BlueprintGeneratedClass'/Game/Users/Stanley/BP_DialogueTrigger.BP_DialogueTrigger_C',"(""Aero"")","(""I might be able to swing if I use the Mic cable."")",FALSE,"(""/Script/Engine.SoundWave'/Game/Users/Stanley/DialogueAudio/Canyon/First_Grapple_Point/FirstGrapplePoint_1.FirstGrapplePoint_1'"")",,,2
4,,/Script/Engine.BlueprintGeneratedClass'/Game/Users/Stanley/BP_DialogueTrigger.BP_DialogueTrigger_C',"(""Aero"")","(""Ahh! What is that thing?! Maybe I can hit it with the Mic?"")",FALSE,"(""/Script/Engine.SoundWave'/Game/Users/Stanley/DialogueAudio/Canyon/First_Erg_Encounter/FirstErgEncounter_1.FirstErgEncounter_1'"")",,,3
5,,/Script/Engine.BlueprintGeneratedClass'/Game/Users/Stanley/BP_DialogueTrigger.BP_DialogueTrigger_C',"(""Aero"")","(""I can see it, the smoke! I'm getting closer! I hope everyone's okay."")",FALSE,"(""/Script/Engine.SoundWave'/Game/Users/Stanley/DialogueAudio/Canyon/Canyon_Halfway/CanyonHalfway_1.CanyonHalfway_1'"")",,,4
6,,/Script/Engine.BlueprintGeneratedClass'/Game/Users/Stanley/BP_DialogueTrigger.BP_DialogueTrigger_C',"(""Aero"")","(""Is that... The Van! And... Tiny? TINY!!"")",FALSE,"(""/Script/Engine.SoundWave'/Game/Users/Stanley/DialogueAudio/Canyon/Canyon_End/CanyonEnd_1.CanyonEnd_1'"")",,,5
7,/Script/Engine.BlueprintGeneratedClass'/Game/LevelStuff/ThirdPerson/Blueprints/NPC/BP_NPC_Tiny.BP_NPC_Tiny_C',,"(""Aero"", ""Tiny"", ""Aero"", ""Tiny"", ""Aero"", ""Tiny"", ""Aero"", ""Tiny"", ""Aero"", ""Tiny"", ""Tiny"", ""Aero"", ""Tiny"", ""Aero"", ""Tiny"", ""Aero"")","(""Tiny! I missed you! There was this ugly crab thing and..."", ""No, touch."", ""Oh, sorry. Are you okay?"", ""Yes."", ""And what about the... Van…"", ""Broken, need fix."", ""And the others?"", ""Gone, finding you."", ""Where are they?"", ""Scattered."", ""Follow candy, find Steiny."", ""Anything else?"", ""Take."", ""My Electric! And some walkie-talkies? Wait, my Electric feels heavier, what did you do?"", ""Made louder, break walls, stun monster."", ""Monster? What monster?"")",TRUE,"(""/Script/Engine.SoundWave'/Game/Users/Stanley/DialogueAudio/Van/Initial_Tiny_Encounter/InitialTinyEncounter_1.InitialTinyEncounter_1'"", ""/Script/Engine.SoundWave'/Game/Users/Stanley/DialogueAudio/Van/Initial_Tiny_Encounter/InitialTinyEncounter_2.InitialTinyEncounter_2'"", ""/Script/Engine.SoundWave'/Game/Users/Stanley/DialogueAudio/Van/Initial_Tiny_Encounter/InitialTinyEncounter_3.InitialTinyEncounter_3'"", ""/Script/Engine.SoundWave'/Game/Users/Stanley/DialogueAudio/Van/Initial_Tiny_Encounter/InitialTinyEncounter_4.InitialTinyEncounter_4'"", ""/Script/Engine.SoundWave'/Game/Users/Stanley/DialogueAudio/Van/Initial_Tiny_Encounter/InitialTinyEncounter_5.InitialTinyEncounter_5'"", ""/Script/Engine.SoundWave'/Game/Users/Stanley/DialogueAudio/Van/Initial_Tiny_Encounter/InitialTinyEncounter_6.InitialTinyEncounter_6'"", ""/Script/Engine.SoundWave'/Game/Users/Stanley/DialogueAudio/Van/Initial_Tiny_Encounter/InitialTinyEncounter_7.InitialTinyEncounter_7'"", ""/Script/Engine.SoundWave'/Game/Users/Stanley/DialogueAudio/Van/Initial_Tiny_Encounter/InitialTinyEncounter_8.InitialTinyEncounter_8'"", ""/Script/Engine.SoundWave'/Game/Users/Stanley/DialogueAudio/Van/Initial_Tiny_Encounter/InitialTinyEncounter_9.InitialTinyEncounter_9'"", ""/Script/Engine.SoundWave'/Game/Users/Stanley/DialogueAudio/Van/Initial_Tiny_Encounter/InitialTinyEncounter_10.InitialTinyEncounter_10'"", ""/Script/Engine.SoundWave'/Game/Users/Stanley/DialogueAudio/Van/Initial_Tiny_Encounter/InitialTinyEncounter_11.InitialTinyEncounter_11'"", ""/Script/Engine.SoundWave'/Game/Users/Stanley/DialogueAudio/Van/Initial_Tiny_Encounter/InitialTinyEncounter_12.InitialTinyEncounter_12'"", ""/Script/Engine.SoundWave'/Game/Users/Stanley/DialogueAudio/Van/Initial_Tiny_Encounter/InitialTinyEncounter_13.InitialTinyEncounter_13'"", ""/Script/Engine.SoundWave'/Game/Users/Stanley/DialogueAudio/Van/Initial_Tiny_Encounter/InitialTinyEncounter_14.InitialTinyEncounter_14'"", ""/Script/Engine.SoundWave'/Game/Users/Stanley/DialogueAudio/Van/Initial_Tiny_Encounter/InitialTinyEncounter_15.InitialTinyEncounter_15'"", ""/Script/Engine.SoundWave'/Game/Users/Stanley/DialogueAudio/Van/Initial_Tiny_Encounter/InitialTinyEncounter_16.InitialTinyEncounter_16'"")","(""Follow candy. Steiny went cave."")","(""/Script/Engine.SoundWave'/Game/Users/Stanley/DialogueAudio/Repeated/Initial_Tiny_Encounter_-_REP.Initial_Tiny_Encounter_-_REP'"")",0
8,,/Script/Engine.BlueprintGeneratedClass'/Game/Users/Stanley/BP_DialogueTrigger.BP_DialogueTrigger_C',"(""Aero"",""Tiny"",""Aero"")","(""Tiny, do you read me, over?"", ""Tiny deaf."", ""This is serious Tiny!"")",FALSE,"(""/Script/Engine.SoundWave'/Game/Users/Stanley/DialogueAudio/Cave/Cave_Start/CaveStart_1.CaveStart_1'"", ""/Script/Engine.SoundWave'/Game/Users/Stanley/DialogueAudio/Cave/Cave_Start/CaveStart_2.CaveStart_2'"", ""/Script/Engine.SoundWave'/Game/Users/Stanley/DialogueAudio/Cave/Cave_Start/CaveStart_3.CaveStart_3'"")",,,6
9,,/Script/Engine.BlueprintGeneratedClass'/Game/Users/Stanley/BP_DialogueTrigger.BP_DialogueTrigger_C',"(""Aero"", ""Tiny"", ""Tiny"")","(""What is that thing?"", ""Mutant salad."", ""Try loud noise, stun and jump?"")",FALSE,"(""/Script/Engine.SoundWave'/Game/Users/Stanley/DialogueAudio/Cave/First_Maw_Encounter/FirstMawEncounter_1.FirstMawEncounter_1'"", ""/Script/Engine.SoundWave'/Game/Users/Stanley/DialogueAudio/Cave/First_Maw_Encounter/FirstMawEncounter_2.FirstMawEncounter_2'"", ""/Script/Engine.SoundWave'/Game/Users/Stanley/DialogueAudio/Cave/First_Maw_Encounter/FirstMawEncounter_3.FirstMawEncounter_3'"")",,,7
10,,/Script/Engine.BlueprintGeneratedClass'/Game/Users/Stanley/BP_DialogueTrigger.BP_DialogueTrigger_C',"(""Aero"")","(""What the... AAAAAAAH!"")",FALSE,"(""/Script/Engine.SoundWave'/Game/Users/Stanley/DialogueAudio/Cave/Cave_Drop_Falling/CaveDropFalling_1.CaveDropFalling_1'"")",,,8
11,,/Script/Engine.BlueprintGeneratedClass'/Game/Users/Stanley/BP_DialogueTrigger.BP_DialogueTrigger_C',"(""Tiny"", ""Aero"", ""Tiny"")","(""Aero... dead?"", ""I'm good, Tiny."", ""Cancelling funeral."")",FALSE,"(""/Script/Engine.SoundWave'/Game/Users/Stanley/DialogueAudio/Cave/Cave_Drop_Landing/CaveDropLanding_1.CaveDropLanding_1'"", ""/Script/Engine.SoundWave'/Game/Users/Stanley/DialogueAudio/Cave/Cave_Drop_Landing/CaveDropLanding_2.CaveDropLanding_2'"", ""/Script/Engine.SoundWave'/Game/Users/Stanley/DialogueAudio/Cave/Cave_Drop_Landing/CaveDropLanding_3.CaveDropLanding_3'"")",,,9
12,,/Script/Engine.BlueprintGeneratedClass'/Game/Users/Stanley/BP_DialogueTrigger.BP_DialogueTrigger_C',"(""Aero"")","(""Whoa, that's a wide gap. Maybe breaking this column can get me across?"")",FALSE,"(""/Script/Engine.SoundWave'/Game/Users/Stanley/DialogueAudio/Cave/First_Column_Encounter/FirstColumnEncounter_1.FirstColumnEncounter_1'"")",,,10
13,,/Script/Engine.BlueprintGeneratedClass'/Game/Users/Stanley/BP_DialogueTrigger.BP_DialogueTrigger_C',"(""Aero"", ""Tiny"")","(""That worked?!"", ""Spacequake?!"")",FALSE,"(""/Script/Engine.SoundWave'/Game/Users/Stanley/DialogueAudio/Cave/First_Column_Success/FirstColumnSuccess_1.FirstColumnSuccess_1'"", ""/Script/Engine.SoundWave'/Game/Users/Stanley/DialogueAudio/Cave/First_Column_Success/FirstColumnSuccess_2.FirstColumnSuccess_2'"")",,,11
14,,/Script/Engine.BlueprintGeneratedClass'/Game/Users/Stanley/BP_DialogueTrigger.BP_DialogueTrigger_C',"(""Aero"")","(""I fell pretty far... perhaps making my way upwards can net me a way to find Steiny?"")",FALSE,"(""/Script/Engine.SoundWave'/Game/Users/Stanley/DialogueAudio/Cave/Cave_Easy_Platforming/CaveEasyPlatforming_1.CaveEasyPlatforming_1'"")",,,12
15,,/Script/Engine.BlueprintGeneratedClass'/Game/Users/Stanley/BP_DialogueTrigger.BP_DialogueTrigger_C',"(""Aero"")","(""How many of these things are there?!"")",FALSE,"(""/Script/Engine.SoundWave'/Game/Users/Stanley/DialogueAudio/Cave/Erg_Tunnel/ErgTunnel_1.ErgTunnel_1'"")",,,13
16,,/Script/Engine.BlueprintGeneratedClass'/Game/Users/Stanley/BP_DialogueTrigger.BP_DialogueTrigger_C',"(""Aero"")","(""Another column?!"")",FALSE,"(""/Script/Engine.SoundWave'/Game/Users/Stanley/DialogueAudio/Cave/Second_Column_Encounter/SecondColumnEncounter_1.SecondColumnEncounter_1'"")",,,14
17,,/Script/Engine.BlueprintGeneratedClass'/Game/Users/Stanley/BP_DialogueTrigger.BP_DialogueTrigger_C',"(""Tiny"", ""Aero"")","(""Shaking?!"", ""That was me, buddy."")",FALSE,"(""/Script/Engine.SoundWave'/Game/Users/Stanley/DialogueAudio/Cave/Second_Column_Success/SecondColumnSuccess_1.SecondColumnSuccess_1'"", ""/Script/Engine.SoundWave'/Game/Users/Stanley/DialogueAudio/Cave/Second_Column_Success/SecondColumnSuccess_2.SecondColumnSuccess_2'"")",,,15
18,,/Script/Engine.BlueprintGeneratedClass'/Game/Users/Stanley/BP_DialogueTrigger.BP_DialogueTrigger_C',"(""Aero"", ""Tiny"", ""Aero"", ""Tiny"")","(""Ugh! More of these darn plants!?"", ""Look yummy."", ""As long as I find Steiny soon and... WAIT HOW CAN YOU SEE?!"", ""Tiny see all, heh heh."")",FALSE,"(""/Script/Engine.SoundWave'/Game/Users/Stanley/DialogueAudio/Cave/Second_Platforming_Challenge/SecondPlatformingChallenge_1.SecondPlatformingChallenge_1'"", ""/Script/Engine.SoundWave'/Game/Users/Stanley/DialogueAudio/Cave/Second_Platforming_Challenge/SecondPlatformingChallenge_2.SecondPlatformingChallenge_2'"", ""/Script/Engine.SoundWave'/Game/Users/Stanley/DialogueAudio/Cave/Second_Platforming_Challenge/SecondPlatformingChallenge_3.SecondPlatformingChallenge_3'"", ""/Script/Engine.SoundWave'/Game/Users/Stanley/DialogueAudio/Cave/Second_Platforming_Challenge/SecondPlatformingChallenge_4.SecondPlatformingChallenge_4'"")",,,16
19,,/Script/Engine.BlueprintGeneratedClass'/Game/Users/Stanley/BP_DialogueTrigger.BP_DialogueTrigger_C',"(""Aero"", ""Tiny"")","(""Wooo! Tiny, we should bring these Bouncy Shrooms with us to the Protostar Palooza!"", ""Agreed."")",FALSE,"(""/Script/Engine.SoundWave'/Game/Users/Stanley/DialogueAudio/Cave/2nd_Plat_Challenge_Success/2ndPlatChallengeSuccess_1.2ndPlatChallengeSuccess_1'"", ""/Script/Engine.SoundWave'/Game/Users/Stanley/DialogueAudio/Cave/2nd_Plat_Challenge_Success/2ndPlatChallengeSuccess_2.2ndPlatChallengeSuccess_2'"")",,,17
20,,/Script/Engine.BlueprintGeneratedClass'/Game/Users/Stanley/BP_DialogueTrigger.BP_DialogueTrigger_C',"(""Aero"")","(""Steiny? STEINY!! Oh right, I'm wearing a helmet."")",FALSE,"(""/Script/Engine.SoundWave'/Game/Users/Stanley/DialogueAudio/Cave/PC_sees_steiny/PcSeesSteiny_1.PcSeesSteiny_1'"")",,,18
21,/Script/Engine.BlueprintGeneratedClass'/Game/LevelStuff/ThirdPerson/Blueprints/NPC/BP_NPC_Steiny.BP_NPC_Steiny_C',,"(""Aero"", ""Steiny"", ""Aero"", ""Steiny"", ""Aero"", ""Steiny"", ""Aero"", ""Steiny"", ""Aero"", ""Steiny"", ""Aero"", ""Steiny"", ""Aero"", ""Steiny"")","(""Steiny! I missed you! There was this ugly plant thing and..."",""You mean the oversized, houseplant from hell?"",""Yeah, that, and those crabs."",""I hate those things. They chased me so much I lost my sense of direction! How'd you find me anyway?"",""I, uh... followed my gut? Why are you in here?"",""Looking for you? Duh!"",""Well I think we should-"",""Anyways, we should get out of here before those armored skipping stones find us."",""Wait, Tiny wanted me to give this to you."",""Thank goodness! You guys can finally hear me again. Here, take this in place of it."",""Wait, you're giving this to me?"",""Yea. But don't break it. Our fans will be mad if I'm not on stage. Now go, I'll be there soon."", ""I won't... now how do we-"", ""There's a tunnel like, right behind me... I'm surprised you didn't see it."")",TRUE,"(""/Script/Engine.SoundWave'/Game/Users/Stanley/DialogueAudio/Cave/Initial_Steiny_Encounter/InitialSteinyEncounter_1.InitialSteinyEncounter_1'"", ""/Script/Engine.SoundWave'/Game/Users/Stanley/DialogueAudio/Cave/Initial_Steiny_Encounter/InitialSteinyEncounter_2.InitialSteinyEncounter_2'"", ""/Script/Engine.SoundWave'/Game/Users/Stanley/DialogueAudio/Cave/Initial_Steiny_Encounter/InitialSteinyEncounter_3.InitialSteinyEncounter_3'"", ""/Script/Engine.SoundWave'/Game/Users/Stanley/DialogueAudio/Cave/Initial_Steiny_Encounter/InitialSteinyEncounter_4.InitialSteinyEncounter_4'"", ""/Script/Engine.SoundWave'/Game/Users/Stanley/DialogueAudio/Cave/Initial_Steiny_Encounter/InitialSteinyEncounter_5.InitialSteinyEncounter_5'"", ""/Script/Engine.SoundWave'/Game/Users/Stanley/DialogueAudio/Cave/Initial_Steiny_Encounter/InitialSteinyEncounter_6.InitialSteinyEncounter_6'"", ""/Script/Engine.SoundWave'/Game/Users/Stanley/DialogueAudio/Cave/Initial_Steiny_Encounter/InitialSteinyEncounter_7.InitialSteinyEncounter_7'"", ""/Script/Engine.SoundWave'/Game/Users/Stanley/DialogueAudio/Cave/Initial_Steiny_Encounter/InitialSteinyEncounter_8.InitialSteinyEncounter_8'"", ""/Script/Engine.SoundWave'/Game/Users/Stanley/DialogueAudio/Cave/Initial_Steiny_Encounter/InitialSteinyEncounter_9.InitialSteinyEncounter_9'"", ""/Script/Engine.SoundWave'/Game/Users/Stanley/DialogueAudio/Cave/Initial_Steiny_Encounter/InitialSteinyEncounter_10.InitialSteinyEncounter_10'"", ""/Script/Engine.SoundWave'/Game/Users/Stanley/DialogueAudio/Cave/Initial_Steiny_Encounter/InitialSteinyEncounter_11.InitialSteinyEncounter_11'"", ""/Script/Engine.SoundWave'/Game/Users/Stanley/DialogueAudio/Cave/Initial_Steiny_Encounter/InitialSteinyEncounter_12.InitialSteinyEncounter_12'"", ""/Script/Engine.SoundWave'/Game/Users/Stanley/DialogueAudio/Cave/Initial_Steiny_Encounter/InitialSteinyEncounter_13.InitialSteinyEncounter_13'"", ""/Script/Engine.SoundWave'/Game/Users/Stanley/DialogueAudio/Cave/Initial_Steiny_Encounter/InitialSteinyEncounter_14.InitialSteinyEncounter_14'"")","(""Well go on, start heading back to the van. I'll be there soon."")","(""/Script/Engine.SoundWave'/Game/Users/Stanley/DialogueAudio/Repeated/Initial_Steiny_Encounter_-_REP.Initial_Steiny_Encounter_-_REP'"")",0
22,/Script/Engine.BlueprintGeneratedClass'/Game/LevelStuff/ThirdPerson/Blueprints/NPC/BP_NPC_Tiny.BP_NPC_Tiny_C',,"(""Aero"", ""Tiny"", ""Aero"", ""Tiny"", ""Aero"", ""Steiny"", ""Aero"", ""Steiny"", ""Aero"", ""Steiny"", ""Aero"")","(""Tiny! We're back! I found her."", ""Ship still broken. Go find Goopy."", ""Do you know where he went? Steiny thinks he went-"", ""Mushrooms. That way. Follow root."", ""Thanks. Steiny, you wanna join-"", ""No no, I don't wanna deal with any toxic spores."", ""Toxic, what-now?!"", ""Some meter popped up on my helmet when we went lookin' for ya. Why'd you think I went in the cave?"", ""Anything else I should-"", ""Anyways, don't let the bear get ya!"", ""The, what-now?!"")",FALSE,"(""/Script/Engine.SoundWave'/Game/Users/Stanley/DialogueAudio/Van/Pre-Sporest_Van_Dialogue/Pre-SporestVanDialogue_1.Pre-SporestVanDialogue_1'"", ""/Script/Engine.SoundWave'/Game/Users/Stanley/DialogueAudio/Van/Pre-Sporest_Van_Dialogue/Pre-SporestVanDialogue_2.Pre-SporestVanDialogue_2'"", ""/Script/Engine.SoundWave'/Game/Users/Stanley/DialogueAudio/Van/Pre-Sporest_Van_Dialogue/Pre-SporestVanDialogue_3.Pre-SporestVanDialogue_3'"", ""/Script/Engine.SoundWave'/Game/Users/Stanley/DialogueAudio/Van/Pre-Sporest_Van_Dialogue/Pre-SporestVanDialogue_4.Pre-SporestVanDialogue_4'"", ""/Script/Engine.SoundWave'/Game/Users/Stanley/DialogueAudio/Van/Pre-Sporest_Van_Dialogue/Pre-SporestVanDialogue_5.Pre-SporestVanDialogue_5'"", ""/Script/Engine.SoundWave'/Game/Users/Stanley/DialogueAudio/Van/Pre-Sporest_Van_Dialogue/Pre-SporestVanDialogue_6.Pre-SporestVanDialogue_6'"", ""/Script/Engine.SoundWave'/Game/Users/Stanley/DialogueAudio/Van/Pre-Sporest_Van_Dialogue/Pre-SporestVanDialogue_7.Pre-SporestVanDialogue_7'"", ""/Script/Engine.SoundWave'/Game/Users/Stanley/DialogueAudio/Van/Pre-Sporest_Van_Dialogue/Pre-SporestVanDialogue_8.Pre-SporestVanDialogue_8'"", ""/Script/Engine.SoundWave'/Game/Users/Stanley/DialogueAudio/Van/Pre-Sporest_Van_Dialogue/Pre-SporestVanDialogue_9.Pre-SporestVanDialogue_9'"", ""/Script/Engine.SoundWave'/Game/Users/Stanley/DialogueAudio/Van/Pre-Sporest_Van_Dialogue/Pre-SporestVanDialogue_10.Pre-SporestVanDialogue_10'"", ""/Script/Engine.SoundWave'/Game/Users/Stanley/DialogueAudio/Van/Pre-Sporest_Van_Dialogue/Pre-SporestVanDialogue_11.Pre-SporestVanDialogue_11'"", ""/Script/Engine.SoundWave'/Game/Users/Stanley/DialogueAudio/Van/Pre-Sporest_Van_Dialogue/Pre-SporestVanDialogue_12.Pre-SporestVanDialogue_12'"")","(""Find Gope... please."", ""Head through the path to the left behind the van. You can't miss it!"")","(""/Script/Engine.SoundWave'/Game/Users/Stanley/DialogueAudio/Repeated/Pre-Sporest_Van_Dialogue_-_REP_1.Pre-Sporest_Van_Dialogue_-_REP_1'"", ""/Script/Engine.SoundWave'/Game/Users/Stanley/DialogueAudio/Repeated/Pre-Sporest_Van_Dialogue_-_REP_2.Pre-Sporest_Van_Dialogue_-_REP_2'"")",1
23,,/Script/Engine.BlueprintGeneratedClass'/Game/Users/Stanley/BP_DialogueTrigger.BP_DialogueTrigger_C',"(""Steiny"", ""Tiny"", ""Steiny"")","(""Tiny says to lookout for 'bubbles'?"", ""Make, jump, again."", ""Yeah, something to do with my Keytar."")",FALSE,"(""/Script/Engine.SoundWave'/Game/Users/Stanley/DialogueAudio/Sporest/Sporest_Entrance_Dialogue/SporestEntranceDialogue_1.SporestEntranceDialogue_1'"", ""/Script/Engine.SoundWave'/Game/Users/Stanley/DialogueAudio/Sporest/Sporest_Entrance_Dialogue/SporestEntranceDialogue_2.SporestEntranceDialogue_2'"", ""/Script/Engine.SoundWave'/Game/Users/Stanley/DialogueAudio/Sporest/Sporest_Entrance_Dialogue/SporestEntranceDialogue_3.SporestEntranceDialogue_3'"")",,,19
24,,/Script/Engine.BlueprintGeneratedClass'/Game/Users/Stanley/BP_DialogueTrigger.BP_DialogueTrigger_C',"(""Aero"")","(""I think I'm getting the hang of this thing!"")",FALSE,"(""/Script/Engine.SoundWave'/Game/Users/Stanley/DialogueAudio/Sporest/Pre_Sporest_Entrance_Gap/PreSporestEntranceGap_1.PreSporestEntranceGap_1'"")",,,20
25,,/Script/Engine.BlueprintGeneratedClass'/Game/Users/Stanley/BP_DialogueTrigger.BP_DialogueTrigger_C',"(""Aero"", ""Aero"")","(""Okay! That wasn't too bad..."", ""Now to scale this wall."")",FALSE,"(""/Script/Engine.SoundWave'/Game/Users/Stanley/DialogueAudio/Sporest/Post_Sporest_Entrance_Gap/PostSporestEntranceGap_1.PostSporestEntranceGap_1'"", ""/Script/Engine.SoundWave'/Game/Users/Stanley/DialogueAudio/Sporest/Post_Sporest_Entrance_Gap/PostSporestEntranceGap_2.PostSporestEntranceGap_2'"")",,,21
26,,/Script/Engine.BlueprintGeneratedClass'/Game/Users/Stanley/BP_DialogueTrigger.BP_DialogueTrigger_C',"(""Aero"", ""Steiny"")","(""Whoa..."", ""Let us know when you find Gope!"")",FALSE,"(""/Script/Engine.SoundWave'/Game/Users/Stanley/DialogueAudio/Sporest/Intro_to_Sporest/IntroToSporest_1.IntroToSporest_1'"", ""/Script/Engine.SoundWave'/Game/Users/Stanley/DialogueAudio/Sporest/Intro_to_Sporest/IntroToSporest_2.IntroToSporest_2'"")",,,22
27,,/Script/Engine.BlueprintGeneratedClass'/Game/Users/Stanley/BP_DialogueTrigger.BP_DialogueTrigger_C',"(""Aero"")","(""These look new!"")",FALSE,"(""/Script/Engine.SoundWave'/Game/Users/Stanley/DialogueAudio/Sporest/Approaching_beach/ApproachingBeach_1.ApproachingBeach_1'"")",,,23
28,,/Script/Engine.BlueprintGeneratedClass'/Game/Users/Stanley/BP_DialogueTrigger.BP_DialogueTrigger_C',"(""Aero"", ""Aero"")","(""What's with all these mush..."", ""ANOTHER BEAR?!"")",FALSE,"(""/Script/Engine.SoundWave'/Game/Users/Stanley/DialogueAudio/Sporest/Bear_Jumpscare__Alternate_/BearJumpscareAlt_1.BearJumpscareAlt_1'"", ""/Script/Engine.SoundWave'/Game/Users/Stanley/DialogueAudio/Sporest/Bear_Jumpscare__Alternate_/BearJumpscareAlt_2.BearJumpscareAlt_2'"")",,,24
29,,/Script/Engine.BlueprintGeneratedClass'/Game/Users/Stanley/BP_DialogueTrigger.BP_DialogueTrigger_C',"(""Aero"", ""Steiny"", ""Tiny"", ""Aero"", ""Tiny"", ""Steiny"", ""Tiny"")","(""You guys there, hello?"", ""Yea, we're here."", ""Find Gope?"", ""Not yet buddy."", ""awwwe......"", ""It's okay big-man! Here, have some of my chocolate."", ""Tiny happy."")",FALSE,"(""/Script/Engine.SoundWave'/Game/Users/Stanley/DialogueAudio/Sporest/Minor_Platforming_Segment/MinorPlatformingSegment_1.MinorPlatformingSegment_1'"", ""/Script/Engine.SoundWave'/Game/Users/Stanley/DialogueAudio/Sporest/Minor_Platforming_Segment/MinorPlatformingSegment_2.MinorPlatformingSegment_2'"", ""/Script/Engine.SoundWave'/Game/Users/Stanley/DialogueAudio/Sporest/Minor_Platforming_Segment/MinorPlatformingSegment_3.MinorPlatformingSegment_3'"", ""/Script/Engine.SoundWave'/Game/Users/Stanley/DialogueAudio/Sporest/Minor_Platforming_Segment/MinorPlatformingSegment_4.MinorPlatformingSegment_4'"", ""/Script/Engine.SoundWave'/Game/Users/Stanley/DialogueAudio/Sporest/Minor_Platforming_Segment/MinorPlatformingSegment_5.MinorPlatformingSegment_5'"", ""/Script/Engine.SoundWave'/Game/Users/Stanley/DialogueAudio/Sporest/Minor_Platforming_Segment/MinorPlatformingSegment_6.MinorPlatformingSegment_6'"", ""/Script/Engine.SoundWave'/Game/Users/Stanley/DialogueAudio/Sporest/Minor_Platforming_Segment/MinorPlatformingSegment_7.MinorPlatformingSegment_7'"")",,,25
30,,/Script/Engine.BlueprintGeneratedClass'/Game/Users/Stanley/BP_DialogueTrigger.BP_DialogueTrigger_C',"(""Aero"")","(""I wonder if Gope came this way?"")",FALSE,"(""/Script/Engine.SoundWave'/Game/Users/Stanley/DialogueAudio/Sporest/Pre_Med/PreMedPlatformingChallenge_2.PreMedPlatformingChallenge_2'"")",,,26
31,,/Script/Engine.BlueprintGeneratedClass'/Game/Users/Stanley/BP_DialogueTrigger.BP_DialogueTrigger_C',"(""Aero"", ""Aero"", ""Aero"")","(""What the!? What's this plant doing here!?"", ""Better question is... WHO put it here?"", ""Geez... this world keeps getting stranger by the minute."")",FALSE,"(""/Script/Engine.SoundWave'/Game/Users/Stanley/DialogueAudio/Sporest/Mid_Med/MidMedPlatformingChallenge_1.MidMedPlatformingChallenge_1'"", ""/Script/Engine.SoundWave'/Game/Users/Stanley/DialogueAudio/Sporest/Mid_Med/MidMedPlatformingChallenge_2.MidMedPlatformingChallenge_2'"", ""/Script/Engine.SoundWave'/Game/Users/Stanley/DialogueAudio/Sporest/Mid_Med/MidMedPlatformingChallenge_3.MidMedPlatformingChallenge_3'"")",,,27
32,,/Script/Engine.BlueprintGeneratedClass'/Game/Users/Stanley/BP_DialogueTrigger.BP_DialogueTrigger_C',"(""Aero"")","(""Aaaaaah—!"")",FALSE,"(""/Script/Engine.SoundWave'/Game/Users/Stanley/DialogueAudio/Sporest/Large_M-Bouncy_Commentary/LargeM-BounceCommentary_1.LargeM-BounceCommentary_1'"")",,,28
33,,/Script/Engine.BlueprintGeneratedClass'/Game/Users/Stanley/BP_DialogueTrigger.BP_DialogueTrigger_C',"(""Aero"", ""Aero"")","(""If I can get to a higher elevation..."", ""Maybe I'll find a way out of here."")",FALSE,"(""/Script/Engine.SoundWave'/Game/Users/Stanley/DialogueAudio/Sporest/Leaf_Jump_Guide/LeafJumpGuide_1.LeafJumpGuide_1'"", ""/Script/Engine.SoundWave'/Game/Users/Stanley/DialogueAudio/Sporest/Leaf_Jump_Guide/LeafJumpGuide_2.LeafJumpGuide_2'"")",,,29
34,,/Script/Engine.BlueprintGeneratedClass'/Game/Users/Stanley/BP_DialogueTrigger.BP_DialogueTrigger_C',"(""Aero"", ""Aero"")","(""I need to avoid these shrooms..."", ""... or else."")",FALSE,"(""/Script/Engine.SoundWave'/Game/Users/Stanley/DialogueAudio/Sporest/Spore_Avoidence/SporeAvoidence_1.SporeAvoidence_1'"", ""/Script/Engine.SoundWave'/Game/Users/Stanley/DialogueAudio/Sporest/Spore_Avoidence/SporeAvoidence_2.SporeAvoidence_2'"")",,,30
35,,/Script/Engine.BlueprintGeneratedClass'/Game/Users/Stanley/BP_DialogueTrigger.BP_DialogueTrigger_C',"(""Aero"", ""Aero"")","(""Not again!"", ""I need to get ou of here!"")",FALSE,"(""/Script/Engine.SoundWave'/Game/Users/Stanley/DialogueAudio/Sporest/Bear_Cutscene/BearCutscene_1.BearCutscene_1'"", ""/Script/Engine.SoundWave'/Game/Users/Stanley/DialogueAudio/Sporest/Bear_Cutscene/BearCutscene_2.BearCutscene_2'"")",,,31
36,,/Script/Engine.BlueprintGeneratedClass'/Game/Users/Stanley/BP_DialogueTrigger.BP_DialogueTrigger_C',"(""Aero"", ""Aero"")","(""Don't look back, don't look back!"", ""There! A way out of here!!"")",FALSE,"(""/Script/Engine.SoundWave'/Game/Users/Stanley/DialogueAudio/Sporest/Final_Sprint/FinalSprint_1.FinalSprint_1'"", ""/Script/Engine.SoundWave'/Game/Users/Stanley/DialogueAudio/Sporest/Final_Sprint/FinalSprint_2.FinalSprint_2'"")",,,32
37,,/Script/Engine.BlueprintGeneratedClass'/Game/Users/Stanley/BP_DialogueTrigger.BP_DialogueTrigger_C',"(""Aero"", ""Aero"")","(""What the…"", ""I feel... *grunt*"")",FALSE,"(""/Script/Engine.SoundWave'/Game/Users/Stanley/DialogueAudio/Sporest/Blacking_out/BlackingOut_1.BlackingOut_1'"", ""/Script/Engine.SoundWave'/Game/Users/Stanley/DialogueAudio/Sporest/Blacking_out/BlackingOut_2.BlackingOut_2'"")",,,33
38,,/Script/Engine.BlueprintGeneratedClass'/Game/Users/Stanley/BP_DialogueTrigger.BP_DialogueTrigger_C',"(""Aero"")","(""Either I hit the ground too hard, or I just discovered a new level of trippy."")",FALSE,"(""/Script/Engine.SoundWave'/Game/Users/Stanley/DialogueAudio/HaK/HaaK_Intro/HaakIntro_1.HaakIntro_1'"")",,,34
39,,/Script/Engine.BlueprintGeneratedClass'/Game/Users/Stanley/BP_DialogueTrigger.BP_DialogueTrigger_C',"(""Aero"", ""Aero"")","(""Oh man! Tiny would love it here!"", ""One small step for me, and one giant leap for Band-kind... heh-heh, get it?"")",FALSE,"(""/Script/Engine.SoundWave'/Game/Users/Stanley/DialogueAudio/HaK/Defying_Gravity/DefyingGravity_1.DefyingGravity_1'"", ""/Script/Engine.SoundWave'/Game/Users/Stanley/DialogueAudio/HaK/Defying_Gravity/DefyingGravity_2.DefyingGravity_2'"")",,,35
40,,/Script/Engine.BlueprintGeneratedClass'/Game/Users/Stanley/BP_DialogueTrigger.BP_DialogueTrigger_C',"(""Aero"", ""Aero"")","(""Are those, planets? Wait, the Protostar Palooza?"", ""Dang, these jumps seem to get further and further every time."")",FALSE,"(""/Script/Engine.SoundWave'/Game/Users/Stanley/DialogueAudio/HaK/Post_Grapple_Clouds/PostGrappleClouds_1.PostGrappleClouds_1'"", ""/Script/Engine.SoundWave'/Game/Users/Stanley/DialogueAudio/HaK/Post_Grapple_Clouds/PostGrappleClouds_2.PostGrappleClouds_2'"")",,,36
41,,/Script/Engine.BlueprintGeneratedClass'/Game/Users/Stanley/BP_DialogueTrigger.BP_DialogueTrigger_C',"(""Aero"", ""Aero"")","(""Is that a giant crab thing?!"", ""Thank goodness I don't have to fight anything that big, heh."")",FALSE,"(""/Script/Engine.SoundWave'/Game/Users/Stanley/DialogueAudio/HaK/Floating_Erg/FloatingErg_1.FloatingErg_1'"", ""/Script/Engine.SoundWave'/Game/Users/Stanley/DialogueAudio/HaK/Floating_Erg/FloatingErg_3.FloatingErg_3'"")",,,37
42,,/Script/Engine.BlueprintGeneratedClass'/Game/Users/Stanley/BP_DialogueTrigger.BP_DialogueTrigger_C',"(""Aero"", ""Aero"")","(""Is this... some sort of shrine?"", ""Must be some crazed fan of ours."")",FALSE,"(""/Script/Engine.SoundWave'/Game/Users/Stanley/DialogueAudio/HaK/Guitar_Landing/GuitarLanding_1.GuitarLanding_1'"", ""/Script/Engine.SoundWave'/Game/Users/Stanley/DialogueAudio/HaK/Guitar_Landing/GuitarLanding_2.GuitarLanding_2'"")",,,38
43,,/Script/Engine.BlueprintGeneratedClass'/Game/Users/Stanley/BP_DialogueTrigger.BP_DialogueTrigger_C',"(""Aero"")","(""Only one of you guys? Rock on!"")",FALSE,"(""/Script/Engine.SoundWave'/Game/Users/Stanley/DialogueAudio/HaK/Erg_Encounter_1/ErgEncounter1_1.ErgEncounter1_1'"")",,,39
44,,/Script/Engine.BlueprintGeneratedClass'/Game/Users/Stanley/BP_DialogueTrigger.BP_DialogueTrigger_C',"(""Aero"")","(""A bigger one? Must be the Mom."")",FALSE,"(""/Script/Engine.SoundWave'/Game/Users/Stanley/DialogueAudio/HaK/Erg_Encounter_2/ErgEncounter2_1.ErgEncounter2_1'"")",,,40
45,,/Script/Engine.BlueprintGeneratedClass'/Game/Users/Stanley/BP_DialogueTrigger.BP_DialogueTrigger_C',"(""Aero"", ""Aero"")","(""Bigger?"", ""These things can't possibly get any bigger... right?"")",FALSE,"(""/Script/Engine.SoundWave'/Game/Users/Stanley/DialogueAudio/HaK/Erg_Encounter_3/ErgEncounter3_1.ErgEncounter3_1'"", ""/Script/Engine.SoundWave'/Game/Users/Stanley/DialogueAudio/HaK/Erg_Encounter_3/ErgEncounter3_2.ErgEncounter3_2'"")",,,41
46,,/Script/Engine.BlueprintGeneratedClass'/Game/Users/Stanley/BP_DialogueTrigger.BP_DialogueTrigger_C',"(""Aero"")","(""Gope? GOPE! Oh right, I'm wearing a helmet."")",FALSE,"(""/Script/Engine.SoundWave'/Game/Users/Stanley/DialogueAudio/HaK/Gope_Spotted/GopeSpotted_1.GopeSpotted_1'"")",,,42
47,/Script/Engine.BlueprintGeneratedClass'/Game/LevelStuff/ThirdPerson/Blueprints/NPC/BP_NPC_Gope.BP_NPC_Gope_C',,"(""Aero"", ""Gope"", ""Aero"", ""Gope"", ""Aero"", ""Gope"", ""Aero"", ""Gope"", ""Aero"", ""Gope"", ""Aero"", ""Gope"")","(""Gope! I missed you! There was this scary bear and..."", ""You need to leave."", ""W-what...?"", ""Things aren't what they seem."", ""What are you talking about?"", ""We're all in danger."", ""Are you okay, dude?"", ""You need to wake up..."", ""And you need to take a look around... this place is crazy!"", ""Wake up."", ""Gope-"", ""WAKE UP!!!"")",FALSE,"(""/Script/Engine.SoundWave'/Game/Users/Stanley/DialogueAudio/HaK/Gope_Convo/GopeConvo_1.GopeConvo_1'"", ""/Script/Engine.SoundWave'/Game/Users/Stanley/DialogueAudio/HaK/Gope_Convo/GopeConvo_2.GopeConvo_2'"", ""/Script/Engine.SoundWave'/Game/Users/Stanley/DialogueAudio/HaK/Gope_Convo/GopeConvo_3.GopeConvo_3'"", ""/Script/Engine.SoundWave'/Game/Users/Stanley/DialogueAudio/HaK/Gope_Convo/GopeConvo_4.GopeConvo_4'"", ""/Script/Engine.SoundWave'/Game/Users/Stanley/DialogueAudio/HaK/Gope_Convo/GopeConvo_5.GopeConvo_5'"", ""/Script/Engine.SoundWave'/Game/Users/Stanley/DialogueAudio/HaK/Gope_Convo/GopeConvo_6.GopeConvo_6'"", ""/Script/Engine.SoundWave'/Game/Users/Stanley/DialogueAudio/HaK/Gope_Convo/GopeConvo_7.GopeConvo_7'"", ""/Script/Engine.SoundWave'/Game/Users/Stanley/DialogueAudio/HaK/Gope_Convo/GopeConvo_8.GopeConvo_8'"", ""/Script/Engine.SoundWave'/Game/Users/Stanley/DialogueAudio/HaK/Gope_Convo/GopeConvo_9.GopeConvo_9'"", ""/Script/Engine.SoundWave'/Game/Users/Stanley/DialogueAudio/HaK/Gope_Convo/GopeConvo_10.GopeConvo_10'"", ""/Script/Engine.SoundWave'/Game/Users/Stanley/DialogueAudio/HaK/Gope_Convo/GopeConvo_11.GopeConvo_11'"", ""/Script/Engine.SoundWave'/Game/Users/Stanley/DialogueAudio/HaK/Gope_Convo/GopeConvo_12.GopeConvo_12'"")",,,0
48,,/Script/Engine.BlueprintGeneratedClass'/Game/Users/Stanley/BP_DialogueTrigger.BP_DialogueTrigger_C',"(""Aero"")","(""*ugh*... Gope? GOPE!"")",FALSE,"(""/Script/Engine.SoundWave'/Game/Users/Stanley/DialogueAudio/MED/Initial_Wake_Up/InitialWakeUp_1.InitialWakeUp_1'"")",,,43
49,/Script/Engine.BlueprintGeneratedClass'/Game/LevelStuff/ThirdPerson/Blueprints/NPC/BP_NPC_Gope.BP_NPC_Gope_C',,"(""Gope"", ""Aero"", ""Gope"", ""Gope"", ""Aero"", ""Gope"", ""Gope"", ""Aero"", ""Gope"", ""Gope"", ""Gope"", ""Aero"", ""Gope"", ""Gope"", ""Aero"", ""Gope"", ""Aero"", ""Aero"", ""Gope"")","(""Hey Aero, you're finally awake."", ""It doesn't feel like it... *ugh*."", ""Yeah, those spores are a doozy ha-ha."", ""Seems like she really has it out for us."", ""Who?"", ""The Mother Erg, mother to all the Fungal Rock Roaches I assume you've seen."", ""She plans on keeping us here forever, I think?"", ""What?! Why?!"", ""She seems to think we're the ones who trapped us down here."", ""Something about our music? I don't know, she wouldn't stop yapping."", ""She'll need a publisher with all this trauma dumping."", ""How did we even get here?"", ""Those lil rock crabs dragged us down here to her \'lair\'."", ""They've been after us since we've landed, or I guess, crash landed ha-ha."", ""So what do we do now?"", ""Don't you have anything to contact the others?"", ""The walkie-talkie!"", "".... crap, it's busted."", ""Have fun dealing with that problem outside."")",FALSE,"(""/Script/Engine.SoundWave'/Game/Users/Stanley/DialogueAudio/MED/Real_Gope_Dialogue/RealGopeDialogue_1.RealGopeDialogue_1'"", ""/Script/Engine.SoundWave'/Game/Users/Stanley/DialogueAudio/MED/Real_Gope_Dialogue/RealGopeDialogue_2.RealGopeDialogue_2'"", ""/Script/Engine.SoundWave'/Game/Users/Stanley/DialogueAudio/MED/Real_Gope_Dialogue/RealGopeDialogue_3.RealGopeDialogue_3'"", ""/Script/Engine.SoundWave'/Game/Users/Stanley/DialogueAudio/MED/Real_Gope_Dialogue/RealGopeDialogue_4.RealGopeDialogue_4'"", ""/Script/Engine.SoundWave'/Game/Users/Stanley/DialogueAudio/MED/Real_Gope_Dialogue/RealGopeDialogue_5.RealGopeDialogue_5'"", ""/Script/Engine.SoundWave'/Game/Users/Stanley/DialogueAudio/MED/Real_Gope_Dialogue/RealGopeDialogue_6.RealGopeDialogue_6'"", ""/Script/Engine.SoundWave'/Game/Users/Stanley/DialogueAudio/MED/Real_Gope_Dialogue/RealGopeDialogue_7.RealGopeDialogue_7'"", ""/Script/Engine.SoundWave'/Game/Users/Stanley/DialogueAudio/MED/Real_Gope_Dialogue/RealGopeDialogue_8.RealGopeDialogue_8'"", ""/Script/Engine.SoundWave'/Game/Users/Stanley/DialogueAudio/MED/Real_Gope_Dialogue/RealGopeDialogue_9.RealGopeDialogue_9'"", ""/Script/Engine.SoundWave'/Game/Users/Stanley/DialogueAudio/MED/Real_Gope_Dialogue/RealGopeDialogue_10.RealGopeDialogue_10'"", ""/Script/Engine.SoundWave'/Game/Users/Stanley/DialogueAudio/MED/Real_Gope_Dialogue/RealGopeDialogue_11.RealGopeDialogue_11'"", ""/Script/Engine.SoundWave'/Game/Users/Stanley/DialogueAudio/MED/Real_Gope_Dialogue/RealGopeDialogue_12.RealGopeDialogue_12'"", ""/Script/Engine.SoundWave'/Game/Users/Stanley/DialogueAudio/MED/Real_Gope_Dialogue/RealGopeDialogue_13.RealGopeDialogue_13'"", ""/Script/Engine.SoundWave'/Game/Users/Stanley/DialogueAudio/MED/Real_Gope_Dialogue/RealGopeDialogue_14.RealGopeDialogue_14'"", ""/Script/Engine.SoundWave'/Game/Users/Stanley/DialogueAudio/MED/Real_Gope_Dialogue/RealGopeDialogue_15.RealGopeDialogue_15'"", ""/Script/Engine.SoundWave'/Game/Users/Stanley/DialogueAudio/MED/Real_Gope_Dialogue/RealGopeDialogue_16.RealGopeDialogue_16'"", ""/Script/Engine.SoundWave'/Game/Users/Stanley/DialogueAudio/MED/Real_Gope_Dialogue/RealGopeDialogue_17.RealGopeDialogue_17'"", ""/Script/Engine.SoundWave'/Game/Users/Stanley/DialogueAudio/MED/Real_Gope_Dialogue/RealGopeDialogue_18.RealGopeDialogue_18'"", ""/Script/Engine.SoundWave'/Game/Users/Stanley/DialogueAudio/MED/Real_Gope_Dialogue/RealGopeDialogue_19.RealGopeDialogue_19'"")","(""Once you're past these crystals, you'll be in Mother Erg's room. Be carful, Aero."")","(""/Script/Engine.SoundWave'/Game/Users/Stanley/DialogueAudio/Repeated/Real_Gope_Dialogue_-_REP.Real_Gope_Dialogue_-_REP'"")",1
50,,/Script/Engine.BlueprintGeneratedClass'/Game/Users/Stanley/BP_DialogueTrigger.BP_DialogueTrigger_C',"(""Aero"", ""Aero"")","(""What's all that noise?"", ""Is that... cheering?"")",FALSE,"(""/Script/Engine.SoundWave'/Game/Users/Stanley/DialogueAudio/MED/Sounds_of_Music/SoundOfMusic_1.SoundOfMusic_1'"", ""/Script/Engine.SoundWave'/Game/Users/Stanley/DialogueAudio/MED/Sounds_of_Music/SoundOfMusic_2.SoundOfMusic_2'"")",,,44
51,/Script/Engine.BlueprintGeneratedClass'/Game/Users/Dylan/EnemyBlueprints/MotherErg_AI/BP_MotherErgBoss.BP_MotherErgBoss_C',,"(""Mother Erg"", ""Aero"", ""Mother Erg"", ""Aero"", ""Mother Erg"", ""Aero"", ""Aero"", ""Mother Erg"", ""Mother Erg"", ""Aero"", ""Mother Erg"", ""Mother Erg"", ""Mother Erg"", ""Aero"", ""Mother Erg"")","(""Well, well, well... look at what my babies have dragged in!"", ""Who, or what, are you?!"", ""I am the Mother of all Ergs on this planet!"", ""You mean those crabs... are your kids?!"", ""That's right! You can call me, Mommy..."", ""Uhh... no thanks. Look, maybe we got off on the wrong foot."", ""Would you like an autograph or-"", ""NO!"", ""It was you who trapped me down here, and now you're gonna pay!!"", ""We've never been here before, I think you've mistaken me for someone-"", ""RAAAAAAAAAAAA!!!"", ""Your enchanting melodies led me down here.."", ""Then you collapsed this cave to trap me!"", ""Appreciate the support but it's best the band and I get going sooo."", ""I hate you... now DIE!!!"")",FALSE,"(""/Script/Engine.SoundWave'/Game/Users/Stanley/DialogueAudio/MED/Boss_Intro/BossIntro_1.BossIntro_1'"", ""/Script/Engine.SoundWave'/Game/Users/Stanley/DialogueAudio/MED/Boss_Intro/BossIntro_2.BossIntro_2'"", ""/Script/Engine.SoundWave'/Game/Users/Stanley/DialogueAudio/MED/Boss_Intro/BossIntro_3.BossIntro_3'"", ""/Script/Engine.SoundWave'/Game/Users/Stanley/DialogueAudio/MED/Boss_Intro/BossIntro_4.BossIntro_4'"", ""/Script/Engine.SoundWave'/Game/Users/Stanley/DialogueAudio/MED/Boss_Intro/BossIntro_5.BossIntro_5'"", ""/Script/Engine.SoundWave'/Game/Users/Stanley/DialogueAudio/MED/Boss_Intro/BossIntro_6.BossIntro_6'"", ""/Script/Engine.SoundWave'/Game/Users/Stanley/DialogueAudio/MED/Boss_Intro/BossIntro_7.BossIntro_7'"", ""/Script/Engine.SoundWave'/Game/Users/Stanley/DialogueAudio/MED/Boss_Intro/BossIntro_8.BossIntro_8'"", ""/Script/Engine.SoundWave'/Game/Users/Stanley/DialogueAudio/MED/Boss_Intro/BossIntro_9.BossIntro_9'"", ""/Script/Engine.SoundWave'/Game/Users/Stanley/DialogueAudio/MED/Boss_Intro/BossIntro_10.BossIntro_10'"", ""/Script/Engine.SoundWave'/Game/Users/Stanley/DialogueAudio/MED/Boss_Intro/BossIntro_11.BossIntro_11'"", ""/Script/Engine.SoundWave'/Game/Users/Stanley/DialogueAudio/MED/Boss_Intro/BossIntro_12.BossIntro_12'"", ""/Script/Engine.SoundWave'/Game/Users/Stanley/DialogueAudio/MED/Boss_Intro/BossIntro_13.BossIntro_13'"", ""/Script/Engine.SoundWave'/Game/Users/Stanley/DialogueAudio/MED/Boss_Intro/BossIntro_14.BossIntro_14'"", ""/Script/Engine.SoundWave'/Game/Users/Stanley/DialogueAudio/MED/Boss_Intro/BossIntro_15.BossIntro_15'"")",,,
